/m/0dv5r,0
/m/0584n8,1
/m/0wdt60w,2
/m/01_5g,3
/m/04dr76w,4
/m/04ctx,5
/m/01599,6
/m/01bl7v,7
/m/01f91_,8
/m/05_5p_0,9
/m/05r5c,10
/m/078jl,11
/m/0h2r6,12
/m/03m3pdh,13
/m/05ctyq,14
/m/04bcr3,15
/m/03ssj5,16
/m/0bt9lr,17
/m/02p5f1q,18
/m/0dnr7,19
/m/0fx9l,20
/m/09tvcd,21
/m/071p9,22
/m/0bwd_0j,23
/m/07y_7,24
/m/05z87,25
/m/01s55n,26
/m/0l14j_,27
/m/04yx4,28
/m/02jvh9,29
/m/050k8,30
/m/080hkjn,31
/m/0cvnqh,32
/m/078n6m,33
/m/029bxz,34
/m/05r655,35
/m/083vt,36
/m/0dt3t,37
/m/0h8my_4,38
/m/0199g,39
/m/08pbxl,40
/m/01yrx,41
/m/01y9k5,42
/m/01mzpv,43
/m/01226z,44
/m/04lbp,45
/m/03bt1vf,46
/m/0k4j,47
/m/026t6,48
/m/01940j,49
/m/04_sv,50
/m/06__v,51
/m/0hg7b,52
/m/0pg52,53
/m/03k3r,54
/m/019w40,55
/m/0342h,56
/m/03qrc,57
/m/0cmx8,58
/m/0dv9c,59
/m/02hj4,60
